<inbound>
    <base />
    <set-variable name="userText" value="@(context.Request.Body.As<JObject>()["text"]?.ToString())" />
    <send-request mode="new" response-variable-name="aiResponse" timeout="10" ignore-error="false">
        <set-url>https://your-ai-api-endpoint.azurewebsites.net/evaluate</set-url>
        <set-method>POST</set-method>
        <set-header name="Content-Type" exists-action="override">
            <value>application/json</value>
        </set-header>
        <set-body>@("{""text"":""" + context.Variables["userText"] + @"""}")</set-body>
    </send-request
    <set-variable name="toxicityScore" value="@(Double.Parse(((IResponse)context.Variables["aiResponse"]).Body.As<JObject>()["toxicity"].ToString()))" />
    <choose>
        <when condition="@(context.Variables.GetValueOrDefault<double>("toxicityScore") >= 0.7)">
            <return-response>
                <set-status code="403" reason="Toxic content" />
                <set-header name="Content-Type" exists-action="override">
                    <value>application/json</value>
                </set-header>
                <set-body>{
                    "error": "Toxicity score too high. Request blocked."
                }</set-body>
            </return-response>
        </when>
    </choose>
</inbound>