{
  "properties": {
    "displayName": "Provision only allowed OpenAI models",
    "policyType": "Custom",
    "mode": "All",
    "metadata": {
      "category": "Cognitive Services",
      "createdBy": "1deee15a-35d2-448d-8d99-94b6b1fc104b",
      "createdOn": "2025-07-16T11:54:50.1196742Z"
    },
    "version": "1.0.0",
    "parameters": {
      "effect": {
        "type": "String",
        "metadata": {
          "displayName": "Effect",
          "description": "Effect for the policy assigned."
        },
        "allowedValues": [
          "Audit",
          "Deny"
        ],
        "defaultValue": "Deny"
      },
      "allowedModels": {
        "type": "Array",
        "metadata": {
          "displayName": "Allowed AI models",
          "description": "The list of allowed models to be deployed."
        },
..............
      }
    },
    "policyRule": {
      "if": {
        "allOf": [
          {
            "field": "type",
            "equals": "Microsoft.CognitiveServices/accounts/deployments"
          },
          {
            "field": "Microsoft.CognitiveServices/accounts/deployments/sku.name",
            "notEquals": "Standard"
          },
          {
            "not": {
              "value": "[concat(field('Microsoft.CognitiveServices/accounts/deployments/model.name'), ',', field('Microsoft.CognitiveServices/accounts/deployments/model.version'))]",
              "in": "[parameters('allowedModels')]"
            }
          }
        ]
      },
      "then": {
        "effect": "[parameters('effect')]"
      }
    },
    "versions": [
      "1.0.0"
    ]
  },
  "id": "/subscriptions/a1291e44-958f-4710-904e-8147f6d78aeb/providers/Microsoft.Authorization/policyDefinitions/62979f7d-cfbd-47af-9cc7-2c4798c8262f",
  "type": "Microsoft.Authorization/policyDefinitions",
  "name": "62979f7d-cfbd-47af-9cc7-2c4798c8262f"
}